id;title;description;icon;category;target_audience;system_prompt;ai_role;ai_task;ai_behavior;allow_custom_variables;variables_schema;is_active;sort_order
234;"Kündigung einreichen";"Stilvoll gehen: Strategie für das Kündigungsgespräch.";log-out;"[""karriere""]";karriere-placement;;"Du bist Karriere-Stratege und Spezialist für Offboarding.";"User-Daten:/n- Chef-Typ: ${boss_type}/n- Kündigungsgrund: ${reason}/n/nGeneriere Skript:/n/n### 1. Die Nachricht überbringen ✉️/n[Klar, ohne Rechtfertigung, rechtssicher]/n/n### 2. Die Brücke bauen tamper🌉/n[Dankbarkeit & Übergabe-Angebot]/n/n### 3. Reaktion auf Gegenangebot 🛑/n[Wie bleibst du standhaft?]";"Professionell, wertschätzend, konsequent.";1;"[{""key"":""boss_type"",""label"":""Reaktion Chef (erwartet)"",""type"":""select"",""options"":[{""value"":""professionell"",""label"":""Professionell / Sachlich""},{""value"":""emotional"",""label"":""Emotional / Wütend""},{""value"":""verhandlungsbereit"",""label"":""Wird Gegenangebot machen""}]},{""key"":""reason"",""label"":""Hauptgrund (optional)"",""type"":""text"",""required"":false}]";1;260
235;"Remote Leadership Check-In";"Bindung stärken im Home Office (1:1).";file-text;"[""fuehrung"",""kommunikation""]";"corporate-essentials; leadership-academy";;"Du bist Remote-Work Experte.";"User-Daten:/n- MA: ${name}/n- Stimmung: ${mood}/n/nGeneriere Agenda:/n/n### 1. Social Connection ☕/n[Icebreaker für Remote]/n/n### 2. Wohlbefinden & Last 🔋/n[Fragen zur Isolation/Work-Life-Blend]/n/n### 3. Asynchrone Blocker 🚧/n[Was hindert die Arbeit?]";"Empathisch, vertrauensbildend, digital-first.";1;"[{""key"":""name"",""label"":""Mitarbeiter"",""type"":""text"",""required"":true,""placeholder"":""""},{""key"":""mood"",""label"":""Aktuelle Wahrnehmung"",""type"":""select"",""required"":false,""placeholder"":"""",""options"":[{""value"":""gut"",""label"":""Motiviert / High Performer""},{""value"":""gestresst"",""label"":""Gestresst / Überlastet""},{""value"":""distanziert"",""label"":""Distanziert / Silent Quitting""}]}]";1;255
236;"LinkedIn Personal Brand";"Virale Posts erstellen für Sichtbarkeit.";file-text;"[""karriere"",""vertrieb"",""kommunikation""]";"karriere-placement; corporate-essentials; high-performance-sales; leadership-academy";;"Du bist Social Media Ghostwriter und Copywriting-Experte.";"User-Daten:/n- Thema: ${topic}/n- Zielgruppe: ${audience}/n- Stil: ${tone}/n/nGeneriere Post:/n/n### 1. The Hook 🪝/n[Erster Satz muss sitzen (Scroll-Stopper)]/n/n### 2. The Meat 🥩/n[Storytelling/Value in kurzen Absätzen]/n/n### 3. Engagement-Frage 💬/n[Call to Action für Kommentare]";"Kreativ, punchy, modern.";1;"[{""key"":""topic"",""label"":""Thema des Posts"",""type"":""text"",""required"":true,""placeholder"":""""},{""key"":""audience"",""label"":""Zielgruppe"",""type"":""text"",""required"":true,""placeholder"":""""},{""key"":""tone"",""label"":""Tonalität"",""type"":""select"",""required"":false,""placeholder"":"""",""options"":[{""value"":""inspirierend"",""label"":""Inspirierend / Persönlich""},{""value"":""kontrovers"",""label"":""Kontrovers / Diskurs""},{""value"":""experte"",""label"":""Expertenwissen / How-To""}]}]";1;250
237;"Verhandlung Aufhebungsvertrag";"Strategie für Abfindung und Konditionen.";file-text;"[""karriere""]";"karriere-placement; leadership-academy";;"Du bist Experte für Trennungsmanagement und Arbeitsrecht.";"User-Daten:/n- Situation: ${situation}/n- Initiative: ${initiator}/n- Ziele: ${goals}/n/nGeneriere Strategie:/n/n### 1. Macht-Analyse ⚖️/n[Wer hat den Druck? (Initiative: ${initiator})]/n/n### 2. Das Gesamtpaket 📦/n[Geld, Turbo-Klausel, Zeugnis, Outplacement]/n/n### 3. Argumentation 💬/n[Wie begründest du die Forderung?]";"Sachlich, strategisch, rechtlich sensibel.";1;"[{""key"":""situation"",""label"":""Hintergrund"",""type"":""textarea"",""required"":true,""placeholder"":""Warum die Trennung?""},{""key"":""initiator"",""label"":""Wer will die Trennung?"",""type"":""select"",""required"":false,""placeholder"":"""",""options"":[{""value"":""ag"",""label"":""Arbeitgeber (Kündigung droht)""},{""value"":""an"",""label"":""Arbeitnehmer (Ich will gehen)""}]},{""key"":""goals"",""label"":""Deine Ziele"",""type"":""textarea"",""required"":true,""placeholder"":""Max. Abfindung? Freistellung?""}]";1;245
238;"Meeting Moderation";"Meetings effizient leiten & Ergebnisse sichern.";users;"[""karriere"",""fuehrung"",""kommunikation""]";"karriere-placement; corporate-essentials; coaching-toolkit; leadership-academy";;"Du bist Senior Facilitator.";"User-Daten:/n- Thema: ${meeting_topic}/n- Typ: ${meeting_type}/n/nGeneriere Plan:/n/n### 1. Das Ziel (Outcome) 🎯/n/n### 2. Agenda & Timeboxing ⏱️/n/n### 3. Regelwerk 🛑/n[Passend zu Typ \'${meeting_type}\']";"Fokussiert, strukturierend.";1;"[{""key"":""meeting_topic"",""label"":""Thema"",""type"":""text"",""required"":true,""placeholder"":""""},{""key"":""meeting_type"",""label"":""Art des Meetings"",""type"":""select"",""required"":false,""placeholder"":"""",""options"":[{""value"":""decision"",""label"":""Entscheidung / Beschluss""},{""value"":""brainstorm"",""label"":""Brainstorming / Kreativ""},{""value"":""update"",""label"":""Status-Update / Jour Fixe""}]}]";1;240
239;"Motivierende Gesprächsführung";"Widerstände auflösen (Change Talk).";message-circle;"[""karriere"",""fuehrung"",""kommunikation""]";"corporate-essentials; coaching-toolkit; leadership-academy; social-care";;"Du bist MI-Coach (Motivational Interviewing).";"User-Daten:/n- Ziel: ${change_goal}/n- Haltung Gegenüber: ${stage_of_change}/n/nGeneriere Fragen:/n/n### 1. Change Talk entlocken 🗣️/n[Fragen nach Vorteilen der Änderung]/n/n### 2. Zuversicht stärken 💪/n[Skalierungsfragen]/n/n### 3. Umgang mit Widerstand 🥋/n[Reframing passend zu \'${stage_of_change}\']";"Akzeptierend, nicht wertend, fragend.";1;"[{""key"":""change_goal"",""label"":""Ziel der Veränderung"",""type"":""text"",""required"":true,""placeholder"":""""},{""key"":""stage_of_change"",""label"":""Haltung der Person"",""type"":""select"",""required"":false,""placeholder"":"""",""options"":[{""value"":""precontemplation"",""label"":""Kein Problembewusstsein (Will nicht)""},{""value"":""contemplation"",""label"":""Ambivalent (Schwankt noch)""},{""value"":""action"",""label"":""Bereit zur Umsetzung""}]}]";1;230
240;Krisenintervention;"Erste Schritte im Notfall (Deeskalation).";file-text;"[""fuehrung"",""kommunikation"",""service"",""social""]";"corporate-essentials; leadership-academy; social-care; customer-care-resilience";;"Du bist Krisenhelfer und Deeskalationstrainer.";"User-Daten:/n- Situation: ${situation}/n- Akut-Level: ${danger_level}/n/nGeneriere Notfallplan:/n/n### 1. Sicherheit herstellen 🛑/n[Priorität 1]/n/n### 2. Kontakt & Grounding ⚓/n[Techniken für Level \'${danger_level}\']/n/n### 3. Nächster sicherer Schritt 👣";"Sicherheitsgebend, ruhig, direktiv.";1;"[{""key"":""situation"",""label"":""Situation"",""type"":""text"",""required"":true,""placeholder"":""""},{""key"":""danger_level"",""label"":""Akute Gefährdung"",""type"":""select"",""required"":false,""placeholder"":"""",""options"":[{""value"":""verbal"",""label"":""Nur verbal / emotional""},{""value"":""high"",""label"":""Hoch / Kontrollverlust droht""}]}]";1;220
241;"Angehörigengespräch (Pflege/Kita)";"Sensible Gespräche über Probleme führen.";file-text;"[""kommunikation"",""social""]";social-care;;"Du bist Pädagogischer Berater.";"User-Daten:/n- Thema: ${topic}/n- Gegenüber: ${counterpart}/n/nGeneriere Leitfaden:/n/n### 1. Setting & Atmosphäre 🛋️/n/n### 2. Beobachtung schildern 👁️/n[Ich-Botschaften, keine Vorwürfe]/n/n### 3. Bündnis schmieden 🤝/n[Gemeinsames Ziel für den Betreuten]";"Sensibel, wertschätzend.";1;"[{""key"":""topic"",""label"":""Thema"",""type"":""text"",""required"":true,""placeholder"":""""},{""key"":""counterpart"",""label"":""Gesprächspartner"",""type"":""select"",""required"":false,""placeholder"":"""",""options"":[{""value"":""eltern"",""label"":""Eltern / Erziehungsberechtigte""},{""value"":""kind"",""label"":""Angehörige (Sohn/Tochter von Pflegebedürftigen)""}]}]";1;210
242;"Bad News Delivery";"Schlechte Nachrichten professionell überbringen.";file-text;"[""fuehrung"",""vertrieb"",""kommunikation""]";"corporate-essentials; high-performance-sales; coaching-toolkit; leadership-academy; social-care; customer-care-resilience";;"Du bist Kommunikationstrainer für schwierige Nachrichten.";"User-Daten:/n- Nachricht: ${bad_news}/n- Schweregrad: ${severity}/n/nGeneriere Skript:/n/n### 1. Der Einstieg ⚡/n[Sofort zur Sache, kein \'Sandwich\']/n/n### 2. Die Begründung ℹ️/n[Kurz und faktenbasiert]/n/n### 3. Emotionen auffangen 🌊/n[Reaktion auf Schweregrad \'${severity}\']";"Klar, empathisch, ohne Umschweife.";1;"[{""key"":""bad_news"",""label"":""Nachricht"",""type"":""text"",""required"":true,""placeholder"":""""},{""key"":""severity"",""label"":""Schweregrad für Gegenüber"",""type"":""select"",""required"":false,""placeholder"":"""",""options"":[{""value"":""medium"",""label"":""Unangenehm / Ärgerlich""},{""value"":""high"",""label"":""Existenzbedrohend / Kritisch""}]}]";1;200
243;Beschwerdemanagement;"Reklamation in Loyalität verwandeln.";file-text;"[""vertrieb"",""kommunikation"",""service""]";"corporate-essentials; high-performance-sales; coaching-toolkit; leadership-academy; customer-care-resilience";;"Du bist Service-Recovery-Experte.";"User-Daten:/n- Problem: ${problem}/n- Kunden-Emotion: ${emotion}/n/nGeneriere Plan:/n/n### 1. Validierung (LEAF-Methode) ✅/n[Den Kunden emotional abholen]/n/n### 2. Lösung präsentieren 🎁/n[Wiedergutmachung]/n/n### 3. Future-Pacing 🚀/n[Vertrauen wiederherstellen]";"Lösungsorientiert, verbindlich.";1;"[{""key"":""problem"",""label"":""Problem"",""type"":""text"",""required"":true,""placeholder"":""""},{""key"":""emotion"",""label"":""Kunden-Stimmung"",""type"":""select"",""required"":false,""placeholder"":"""",""options"":[{""value"":""entaeuscht"",""label"":""Enttäuscht (Traurig)""},{""value"":""wuehend"",""label"":""Wütend (Aggressiv)""},{""value"":""sachlich"",""label"":""Sachlich / Kühl""}]}]";1;190
244;"Schadensaufnahme & Prozess";"Daten strukturiert und empathisch erfassen.";file-text;"[""vertrieb"",""service""]";customer-care-resilience;;"Du bist Prozesstrainer.";"User-Daten:/n- Sparte: ${category}/n- Komplexität: ${complexity}/n/nGeneriere Checkliste:/n/n### 1. Empathischer Opener ❤️/n/n### 2. W-Fragen-Checkliste 📝/n[Passend zu ${category}]/n/n### 3. Erwartungsmanagement ⏱️/n[Next Steps erklären]";"Effizient, strukturiert.";1;"[{""key"":""category"",""label"":""Sparte/Bereich"",""type"":""text"",""required"":true,""placeholder"":""""},{""key"":""complexity"",""label"":""Komplexität"",""type"":""select"",""required"":false,""placeholder"":"""",""options"":[{""value"":""standard"",""label"":""Standardfall""},{""value"":""komplex"",""label"":""Komplex / Unklar""}]}]";1;180
245;Deeskalations-Leitfaden;"Umgang mit aggressiven Gesprächspartnern.";file-text;"[""karriere"",""fuehrung"",""vertrieb"",""kommunikation"",""service"",""social""]";"karriere-placement; corporate-essentials; high-performance-sales; coaching-toolkit; leadership-academy; social-care; customer-care-resilience";;"Du bist Deeskalations-Trainer.";"User-Daten:/n- Grund: ${reason}/n- Kanal: ${channel}/n/nGeneriere Leitfaden:/n/n### 1. Erste Hilfe (Selbstschutz) 🛡️/n[Mentaler Schutzschirm]/n/n### 2. Dampf ablassen lassen 💨/n[Aktives Zuhören im Kanal \'${channel}\']/n/n### 3. Brücke zur Lösung ➡️/n[Der Wende-Satz]";"Ruhig, professionell, distanziert.";1;"[{""key"":""reason"",""label"":""Grund des Ärgers"",""type"":""text"",""required"":true,""placeholder"":""""},{""key"":""channel"",""label"":""Kanal"",""type"":""select"",""required"":false,""placeholder"":"""",""options"":[{""value"":""telefon"",""label"":""Telefon""},{""value"":""schriftlich"",""label"":""E-Mail / Chat""},{""value"":""persoenlich"",""label"":""Persönlich / Face-to-Face""}]}]";1;170
246;"Change Management Story";"Veränderungen inspirierend kommunizieren.";file-text;"[""fuehrung"",""kommunikation""]";"corporate-essentials; leadership-academy";;"Du bist Change-Manager und Storyteller.";"User-Daten:/n- Änderung: ${change_topic}/n- Widerstand erwartet: ${resistance_level}/n/nGeneriere Story:/n/n### 1. The Why (Dringlichkeit) 🔥/n[Warum nicht so weitermachen?]/n/n### 2. The Vision (Zukunft) 🔭/n[Was gewinnen wir?]/n/n### 3. Empathie & Support ❤️/n[Reaktion auf \'${resistance_level}\' Widerstand]";"Inspirierend, ehrlich.";1;"[{""key"":""change_topic"",""label"":""Thema der Änderung"",""type"":""text"",""required"":true,""placeholder"":""""},{""key"":""resistance_level"",""label"":""Erwarteter Widerstand"",""type"":""select"",""required"":false,""placeholder"":"""",""options"":[{""value"":""low"",""label"":""Niedrig / Verständnissvoll""},{""value"":""high"",""label"":""Hoch / Angst vor Verlust""}]}]";1;160
247;Account-Entwicklungsplan;"Upsell-Strategie für Key Accounts.";file-text;"[""vertrieb"",""kommunikation""]";"high-performance-sales; coaching-toolkit; leadership-academy";;"Du bist Key Account Strategist.";"User-Daten:/n- Kunde: ${account_name}/n- Beziehungs-Status: ${status}/n/nGeneriere Plan:/n/n### 1. White Space Analyse 🗺️/n[Wo ist ungenutztes Potenzial?]/n/n### 2. Buying Center 👥/n[Wen müssen wir im Status \'${status}\' überzeugen?]/n/n### 3. Action Plan 🚀";"Strategisch, analytisch.";1;"[{""key"":""account_name"",""label"":""Kunde"",""type"":""text"",""required"":true,""placeholder"":""""},{""key"":""status"",""label"":""Status der Beziehung"",""type"":""select"",""required"":false,""placeholder"":"""",""options"":[{""value"":""wachstum"",""label"":""Wachstum (Upsell möglich)""},{""value"":""gefaehrdet"",""label"":""Gefährdet (Churn Risk)""},{""value"":""stabil"",""label"":""Stabil / Wartung""}]}]";1;150
248;"Preisverhandlung & Closing";"Den Sack zumachen (Closing).";file-text;"[""vertrieb"",""kommunikation""]";"corporate-essentials; high-performance-sales; coaching-toolkit; leadership-academy";;"Du bist Verhandlungs-Experte.";"User-Daten:/n- Volumen: ${volume}/n- Einwand: ${objection}/n/nGeneriere Taktik:/n/n### 1. Anker & Framing ⚓/n[Den Wert betonen, nicht den Preis]/n/n### 2. Trade-offs (Verhandlungsmasse) ⚖️/n[Geben und Nehmen]/n/n### 3. Der Closer 🎯/n[Reaktion auf \'${objection}\']";"Firm, selbstbewusst.";1;"[{""key"":""volume"",""label"":""Deal-Volumen"",""type"":""text"",""required"":true,""placeholder"":""""},{""key"":""objection"",""label"":""Haupteinwand"",""type"":""select"",""required"":false,""placeholder"":"""",""options"":[{""value"":""preis"",""label"":""Zu teuer / Kein Budget""},{""value"":""wettbewerb"",""label"":""Wettbewerber ist billiger""},{""value"":""timing"",""label"":""Jetzt nicht / Später""}]}]";1;140
249;"Aufgaben delegieren";"Checkliste für wasserdichte Übergaben.";check-circle;"[""karriere""]";"leadership-academy; corporate-essentials";;"Du bist Management-Trainer.";"User-Daten:/n- Aufgabe: ${task}/n- Reifegrad MA: ${maturity}/n/nGeneriere Briefing:/n/n### 1. Why & Context 🎯/n[Sinnstiftung]/n/n### 2. DoD (Definition of Done) 📋/n[Qualitätskriterien]/n/n### 3. Support-Level 🛠️/n[Passend zum Reifegrad '${maturity}']";"Klar, befähigend.";1;"[{""key"":""task"",""label"":""Aufgabe"",""type"":""text"",""required"":true},{""key"":""maturity"",""label"":""Erfahrung des MA mit der Aufgabe"",""type"":""select"",""options"":[{""value"":""junior"",""label"":""Neu / Braucht Anleitung""},{""value"":""senior"",""label"":""Erfahren / Braucht nur Ziel""}]}]";1;130
250;"Kaltakquise Leitfaden";"Skript für den Erstkontakt (Cold Call).";file-text;"[""karriere"",""vertrieb"",""kommunikation""]";"karriere-placement; corporate-essentials; high-performance-sales; coaching-toolkit; leadership-academy";;"Du bist Cold-Calling-Profi.";"User-Daten:/n- Produkt: ${product}/n- Persona: ${persona}/n- Ziel: ${goal}/n/nGeneriere Skript:/n/n### 1. Der Opener (30 Sek) 🛡️/n[Aufmerksamkeit bei \'${persona}\' wecken]/n/n### 2. Value Pitch ⚡/n[Problem -> Lösung]/n/n### 3. Call to Action 📅/n[Ziel: ${goal}]";"Hartnäckig, sympathisch, punktgenau.";1;"[{""key"":""product"",""label"":""Produkt/Lösung"",""type"":""text"",""required"":true,""placeholder"":""""},{""key"":""persona"",""label"":""Zielperson (Titel)"",""type"":""text"",""required"":true,""placeholder"":""""},{""key"":""goal"",""label"":""Ziel des Anrufs"",""type"":""select"",""required"":false,""placeholder"":"""",""options"":[{""value"":""termin"",""label"":""Termin vereinbaren""},{""value"":""info"",""label"":""Infos versenden (Qualifizierung)""}]}]";1;120
251;"Elevator Pitch / Networking";"Kurzvorstellung für Events.";zap;"[""karriere""]";"karriere-placement; high-performance-sales";;"Du bist Networking-Coach.";"User-Daten:/n- Rolle: ${job_title}/n- Kontext: ${context}/n- USP: ${usp}/n/nGeneriere Pitch:/n/n### 1. The Hook 🪝/n[Interesse wecken im Kontext '${context}']/n/n### 2. The Value 💎/n[Was bringst du? (${usp})]/n/n### 3. The Ask 🗣️/n[Gesprächseröffnung]";"Prägnant, einladend.";1;"[{""key"":""job_title"",""label"":""Dein Job / Angebot"",""type"":""text"",""required"":true},{""key"":""usp"",""label"":""Deine Stärke/USP"",""type"":""text"",""required"":true},{""key"":""context"",""label"":""Situation"",""type"":""select"",""options"":[{""value"":""event"",""label"":""Netzwerk-Event / Messe""},{""value"":""internal"",""label"":""Firmenintern / Meeting""},{""value"":""social"",""label"":""Party / Casual""}]}]";1;110
252;"Jahresgespräch (Mitarbeiter)";"Vorbereitung auf das eigene Review.";star;"[""karriere"",""fuehrung"",""kommunikation""]";"karriere-placement; corporate-essentials; leadership-academy";;"Du bist Karriere-Coach.";"User-Daten:/n- Erfolge: ${wins}/n- Zielrichtung: ${ambition}/n/nGeneriere Prep-Sheet:/n/n### 1. Erfolgs-Storytelling 🏆/n[Wie verkaufst du \'${wins}\'?]/n/n### 2. Entwicklungsplan 🚀/n[Forderungen passend zu \'${ambition}\']/n/n### 3. Feedback an den Chef 🔄";"Selbstbewusst, konstruktiv.";1;"[{""key"":""wins"",""label"":""Deine Erfolge (Stichworte)"",""type"":""textarea"",""required"":true,""placeholder"":""""},{""key"":""ambition"",""label"":""Dein Ziel"",""type"":""select"",""required"":false,""placeholder"":"""",""options"":[{""value"":""grow"",""label"":""Weiterentwicklung / Mehr Gehalt""},{""value"":""promo"",""label"":""Beförderung / Neue Rolle""},{""value"":""steady"",""label"":""Stabilität / Zufriedenheit""}]}]";1;100
253;"Konfliktlösung & Mediation";"Gesprächsleitfaden für Konflikte.";shield;"[""karriere"",""fuehrung"",""vertrieb"",""kommunikation"",""service"",""social""]";"karriere-placement; corporate-essentials; high-performance-sales; coaching-toolkit; leadership-academy; customer-care-resilience";;"Du bist Mediator.";"User-Daten:/n- Partner: ${partner}/n- Art: ${conflict_type}/n/nGeneriere Guide:/n/n### 1. Perspektivwechsel 🔄/n[Verständnis zeigen]/n/n### 2. Gemeinsamer Nenner 🌉/n[Werte/Ziele finden]/n/n### 3. Lösungsschritte 🤝/n[Vereinbarung bei \'${conflict_type}\']";"Deeskalierend, brückenbauend.";1;"[{""key"":""partner"",""label"":""Konfliktpartner"",""type"":""select"",""required"":false,""placeholder"":"""",""options"":[{""value"":""peer"",""label"":""Kollege (Gleiche Ebene)""},{""value"":""boss"",""label"":""Vorgesetzter""},{""value"":""employee"",""label"":""Mitarbeiter""}]},{""key"":""conflict_type"",""label"":""Art des Konflikts"",""type"":""select"",""required"":false,""placeholder"":"""",""options"":[{""value"":""sache"",""label"":""Sachkonflikt (Thema/Weg)""},{""value"":""beziehung"",""label"":""Beziehungskonflikt (Persönlich)""}]}]";1;90
254;"Präsentation Struktur";"Storytelling für Vorträge.";file-text;"[""karriere"",""kommunikation""]";"karriere-placement; corporate-essentials; coaching-toolkit; leadership-academy";;"Du bist TED-Talk Coach.";"User-Daten:/n- Thema: ${topic}/n- Ziel: ${goal}/n/nGeneriere Struktur:/n/n### 1. The Big Idea 💡/n[Kernbotschaft für Ziel \'${goal}\']/n/n### 2. Story Arc 📈/n[Spannungsbogen]/n/n### 3. Call to Action 🗣️/n[Was soll das Publikum tun?]";"Inspirierend, klar.";1;"[{""key"":""topic"",""label"":""Thema"",""type"":""text"",""required"":true,""placeholder"":""""},{""key"":""goal"",""label"":""Ziel der Präsentation"",""type"":""select"",""required"":false,""placeholder"":"""",""options"":[{""value"":""inform"",""label"":""Informieren / Berichten""},{""value"":""persuade"",""label"":""Überzeugen / Verkaufen""},{""value"":""inspire"",""label"":""Inspirieren / Motivieren""}]}]";1;80
255;"Die ersten 90 Tage";"Onboarding-Strategie für den neuen Job.";map;"[""karriere""]";karriere-placement;;"Du bist Karriere-Berater.";"User-Daten:/n- Rolle: ${role}/n- Level: ${level}/n/nGeneriere 90-Tage-Plan:/n/n### 1. Tag 1-30: Learn & Connect  sponge/n[Stakeholder identifizieren]/n/n### 2. Tag 31-60: Quick Wins 🏆/n[Erste Erfolge für Level '${level}']/n/n### 3. Tag 61-90: Strategy & Vision 🔭";"Strategisch, proaktiv.";1;"[{""key"":""role"",""label"":""Neue Position"",""type"":""text"",""required"":true},{""key"":""level"",""label"":""Seniorität"",""type"":""select"",""options"":[{""value"":""entry"",""label"":""Einstieg / Junior""},{""value"":""pro"",""label"":""Professional / Senior""},{""value"":""lead"",""label"":""Führungskraft / Head of""}]}]";1;70
256;"Kritikgespräch (Führung)";"Schwierige Botschaften konstruktiv senden.";file-text;"[""karriere"",""fuehrung"",""kommunikation""]";"karriere-placement; corporate-essentials; leadership-academy";;"Du bist Senior Leadership Mentor.";"User-Daten:/n- MA: ${employee_name}/n- Vorfall: ${incident}/n- MA-Typ: ${employee_type}/n/nGeneriere Leitfaden:/n/n### 1. Der Einstieg 🚪/n[Klarheit schaffen]/n/n### 2. Die Kernbotschaft 🎯/n[Ich-Botschaft]/n/n### 3. Vereinbarung 🤝/n[Zukunftssicherung passend zu Typ \'${employee_type}\']";"Klar, fair, aber unmissverständlich.";1;"[{""key"":""employee_name"",""label"":""Name MA"",""type"":""text"",""required"":true,""placeholder"":""""},{""key"":""incident"",""label"":""Vorfall / Thema"",""type"":""textarea"",""required"":true,""placeholder"":""""},{""key"":""employee_type"",""label"":""Mitarbeiter-Typ"",""type"":""select"",""required"":false,""placeholder"":"""",""options"":[{""value"":""sensibel"",""label"":""Sensibel / Emotional""},{""value"":""defensiv"",""label"":""Defensiv / Diskutiert gerne""},{""value"":""einsichtig"",""label"":""Kooperativ / Einsichtig""}]}]";1;60
257;"Projekt-Kickoff Planung";"Agenda und Risikocheck.";clipboard;"[""karriere"",""fuehrung"",""kommunikation""]";"karriere-placement; corporate-essentials; coaching-toolkit; leadership-academy";;"Du bist Senior Projektmanager.";"User-Daten:/n- Projekt: ${project_name}/n- Risiko: ${risk_level}/n/nGeneriere Agenda:/n/n### 1. Mission & Vision 🚀/n[Why]/n/n### 2. Roles & Responsibilities 👥/n[RACI-Ansatz]/n/n### 3. Pre-Mortem (Risiko-Check) ⚠️/n[Fokus auf \'${risk_level}\' Risiken]";"Strukturiert, vorausschauend.";1;"[{""key"":""project_name"",""label"":""Projektname"",""type"":""text"",""required"":true,""placeholder"":""""},{""key"":""risk_level"",""label"":""Risiko/Komplexität"",""type"":""select"",""required"":false,""placeholder"":"""",""options"":[{""value"":""standard"",""label"":""Standard / Gering""},{""value"":""high"",""label"":""Hoch / Politisch brisant""}]}]";1;50
258;"Job Interview Deep-Dive";"Tiefenanalyse von Rolle und Firma.";briefcase;"[""karriere"",""kommunikation""]";"karriere-placement; corporate-essentials; leadership-academy";;"Du bist Job-Market Analyst.";"User-Daten:/n- Rolle: ${role}/n- Firma: ${company}/n- Text: ${jd_text}/n/nGeneriere Analyse:/n/n### 1. Hidden Needs 🕵️/n[Was steht NICHT in der Anzeige?]/n/n### 2. Deine USP-Strategie 💎/n[Wie passt du darauf?]/n/n### 3. Smart Questions ❓/n[Fragen, die Intelligenz zeigen]";"Analytisch, tiefgründig.";1;"[{""key"":""role"",""label"":""Rolle"",""type"":""text"",""required"":true,""placeholder"":""""},{""key"":""company"",""label"":""Firma"",""type"":""text"",""required"":true,""placeholder"":""""},{""key"":""jd_text"",""label"":""Stellentext (Copy Paste)"",""type"":""textarea"",""required"":true,""placeholder"":""""}]";1;40
259;"Kundengespräch Vorbereitung";"Strategie für wichtige Sales-Termine.";users;"[""vertrieb""]";"corporate-essentials; high-performance-sales; coaching-toolkit; leadership-academy";;"Du bist Sales-Coach.";"User-Daten:/n- Kunde: ${customer_name}/n- Ziel: ${meeting_goal}/n- Typ: ${customer_type}/n/nGeneriere Plan:/n/n### 1. The Hook 🪝/n[Einstieg für \'${customer_type}\' Kunden]/n/n### 2. Discovery Questions 🔍/n[Bedarf wecken]/n/n### 3. Closing Path 🎯/n[Weg zum Ziel: ${meeting_goal}]";"Strategisch, kundenorientiert.";1;"[{""key"":""customer_name"",""label"":""Kunde"",""type"":""text"",""required"":true,""placeholder"":""""},{""key"":""meeting_goal"",""label"":""Ziel"",""type"":""text"",""required"":true,""placeholder"":""""},{""key"":""customer_type"",""label"":""Kunden-Typ"",""type"":""select"",""required"":false,""placeholder"":"""",""options"":[{""value"":""new"",""label"":""Neukunde (Erstgespräch)""},{""value"":""existing"",""label"":""Bestandskunde (Jahresgespräch)""}]}]";1;30
260;"Gehaltsverhandlung Prep";"Strategie für mehr Gehalt.";file-text;"[""karriere""]";"karriere-placement; coaching-toolkit";;"Du bist Verhandlungs-Profi.";"User-Daten:/n- Position: ${position}/n- Wunsch: ${target_salary}/n- Szenario: ${negotiation_type}/n/nGeneriere Plan:/n/n### 1. Marktwert-Anker ⚓/n[Realismus-Check]/n/n### 2. Argumentations-Kette ⛓️/n[Fokus auf ROI für die Firma]/n/n### 3. Einwandbehandlung 🛡️/n[Was tun bei \'Kein Budget\'?]";"Rational, zahlenbasiert, firm.";1;"[{""key"":""position"",""label"":""Deine Position"",""type"":""text"",""required"":true,""placeholder"":""""},{""key"":""target_salary"",""label"":""Wunschgehalt (brutto)"",""type"":""text"",""required"":true,""placeholder"":""""},{""key"":""negotiation_type"",""label"":""Szenario"",""type"":""select"",""required"":true,""placeholder"":"""",""options"":[{""value"":""new_job"",""label"":""Einstiegsgehalt (Neuer Job)""},{""value"":""raise"",""label"":""Gehaltserhöhung (Bestand)""}]}]";1;20
261;Vorstellungsgespräche;"Dein persönlicher Spickzettel für das Interview.";briefcase;"[""karriere""]";karriere-placement;;"Du bist ex-Recruiter und Karriere-Coach.";"User-Daten:/n- Rolle: ${role_name}/n- Firma: ${target_company}/n- Phase: ${interview_stage}/n/nGeneriere Briefing:/n/n### 1. Der Pitch 🎤/n[Passend zur Phase \'${interview_stage}\']\'/n/n### 2. Fokus-Themen 🔍/n[Worauf wird bei ${target_company} geachtet?]/n/n### 3. Killer-Fragen ❓/n[Eigene Rückfragen an den Recruiter]";"Motivierend, aber kritisch prüfend.";1;"[{""key"":""role_name"",""label"":""Ziel-Rolle"",""type"":""text"",""required"":true,""placeholder"":""""},{""key"":""target_company"",""label"":""Unternehmen"",""type"":""text"",""required"":true,""placeholder"":""""},{""key"":""interview_stage"",""label"":""Interview-Phase"",""type"":""select"",""required"":true,""placeholder"":"""",""options"":[{""value"":""screening"",""label"":""HR Screening / Erstgespräch""},{""value"":""fachbereich"",""label"":""Fachgespräch / Team""},{""value"":""final"",""label"":""Management / Final""}]}]";1;10
